student_id,activity_id,message_ts,direction,message_type,payload
STU-00001,ACT-000001,2025-01-06 17:00:00,outbound,video_link,"{""url"": ""https://learn.example.com/v/8508"", ""topic"": ""Measurement""}"
STU-00001,ACT-000001,2025-01-06 17:46:00,inbound,text,"{""text"": ""Can you repeat?""}"
STU-00001,ACT-000001,2025-01-06 19:19:00,outbound,project_prompt,"{""topic"": ""Measurement"", ""project_id"": ""PR-618""}"
STU-00001,ACT-000001,2025-01-06 19:39:00,outbound,quiz_start_prompt,"{""topic"": ""Measurement"", ""quiz_id"": ""QZ-202""}"
STU-00001,ACT-000002,2025-01-06 18:28:00,outbound,video_link,"{""url"": ""https://learn.example.com/v/9900"", ""topic"": ""Data""}"
STU-00001,ACT-000002,2025-01-06 21:19:00,outbound,quiz_start_prompt,"{""topic"": ""Data"", ""quiz_id"": ""QZ-926""}"
STU-00001,ACT-000003,2025-01-13 19:59:00,outbound,video_link,"{""url"": ""https://learn.example.com/v/2697"", ""topic"": ""Percentages""}"
STU-00001,ACT-000003,2025-01-13 20:20:00,inbound,quiz_answer,"{""question_no"": 5, ""answer"": ""B""}"
STU-00001,ACT-000003,2025-01-13 21:05:00,inbound,quiz_start,"{""quiz_id"": ""QZ-803""}"
STU-00001,ACT-000003,2025-01-13 21:28:00,outbound,project_prompt,"{""topic"": ""Percentages"", ""project_id"": ""PR-209""}"
STU-00001,ACT-000003,2025-01-13 22:28:00,inbound,quiz_answer,"{""question_no"": 9, ""answer"": ""D""}"
STU-00001,ACT-000003,2025-01-14 19:40:00,outbound,progress_update,"{""week"": 2, ""completion_pct"": 54}"
STU-00002,ACT-000004,2025-01-06 19:02:00,outbound,video_link,"{""url"": ""https://learn.example.com/v/1058"", ""topic"": ""Geometry""}"
STU-00002,ACT-000004,2025-01-06 19:50:00,outbound,quiz_start_prompt,"{""topic"": ""Geometry"", ""quiz_id"": ""QZ-752""}"
STU-00002,ACT-000004,2025-01-06 20:00:00,inbound,help,"{""text"": ""HELP""}"
STU-00002,ACT-000005,2025-01-13 21:00:00,outbound,video_link,"{""url"": ""https://learn.example.com/v/2832"", ""topic"": ""Algebra""}"
STU-00002,ACT-000005,2025-01-13 21:53:00,outbound,quiz_start_prompt,"{""topic"": ""Algebra"", ""quiz_id"": ""QZ-658""}"
STU-00002,ACT-000005,2025-01-13 21:57:00,inbound,quiz_start,"{""quiz_id"": ""QZ-142""}"
STU-00002,ACT-000005,2025-01-13 22:38:00,inbound,quiz_answer,"{""question_no"": 1, ""answer"": ""C""}"
STU-00002,ACT-000005,2025-01-13 23:06:00,inbound,quiz_start,"{""quiz_id"": ""QZ-782""}"
STU-00002,ACT-000005,2025-01-14 00:39:00,outbound,project_prompt,"{""topic"": ""Algebra"", ""project_id"": ""PR-696""}"
STU-00002,ACT-000005,2025-01-19 00:39:00,outbound,progress_update,"{""week"": 2, ""completion_pct"": 95}"
STU-00003,ACT-000006,2025-01-06 18:59:00,outbound,video_link,"{""url"": ""https://learn.example.com/v/4878"", ""topic"": ""Percentages""}"
STU-00003,ACT-000006,2025-01-06 19:53:00,inbound,text,"{""text"": ""I didn't understand""}"
STU-00003,ACT-000006,2025-01-06 20:37:00,inbound,project_submit,"{""project_id"": ""PR-921"", ""submission"": ""photo""}"
STU-00003,ACT-000006,2025-01-06 22:04:00,inbound,quiz_start,"{""quiz_id"": ""QZ-373""}"
STU-00003,ACT-000006,2025-01-06 22:26:00,inbound,text,"{""text"": ""We will do later""}"
STU-00003,ACT-000007,2025-01-13 20:14:00,outbound,video_link,"{""url"": ""https://learn.example.com/v/4269"", ""topic"": ""Decimals""}"
STU-00003,ACT-000007,2025-01-13 20:45:00,inbound,quiz_start,"{""quiz_id"": ""QZ-124""}"
STU-00003,ACT-000007,2025-01-13 22:11:00,inbound,quiz_start,"{""quiz_id"": ""QZ-508""}"
STU-00003,ACT-000007,2025-01-14 22:22:00,outbound,progress_update,"{""week"": 2, ""completion_pct"": 82}"
STU-00003,ACT-000008,2025-01-13 21:25:00,outbound,video_link,"{""url"": ""https://learn.example.com/v/9785"", ""topic"": ""Measurement""}"
STU-00003,ACT-000008,2025-01-13 21:47:00,outbound,quiz_start_prompt,"{""topic"": ""Measurement"", ""quiz_id"": ""QZ-218""}"
STU-00003,ACT-000008,2025-01-13 22:41:00,inbound,quiz_answer,"{""question_no"": 1, ""answer"": ""A""}"
STU-00004,ACT-000009,2025-01-06 19:46:00,outbound,video_link,"{""url"": ""https://learn.example.com/v/6139"", ""topic"": ""Geometry""}"
STU-00004,ACT-000009,2025-01-06 21:53:00,outbound,project_prompt,"{""topic"": ""Geometry"", ""project_id"": ""PR-360""}"
STU-00004,ACT-000009,2025-01-06 22:11:00,outbound,quiz_start_prompt,"{""topic"": ""Geometry"", ""quiz_id"": ""QZ-218""}"
STU-00004,ACT-000010,2025-01-13 21:59:00,outbound,video_link,"{""url"": ""https://learn.example.com/v/9821"", ""topic"": ""Fractions""}"
STU-00004,ACT-000010,2025-01-13 22:16:00,inbound,quiz_answer,"{""question_no"": 9, ""answer"": ""C""}"
STU-00004,ACT-000010,2025-01-13 23:04:00,outbound,quiz_start_prompt,"{""topic"": ""Fractions"", ""quiz_id"": ""QZ-472""}"
STU-00004,ACT-000010,2025-01-13 23:43:00,inbound,project_submit,"{""project_id"": ""PR-434"", ""submission"": ""photo""}"
STU-00004,ACT-000010,2025-01-14 01:18:00,outbound,project_prompt,"{""topic"": ""Fractions"", ""project_id"": ""PR-738""}"
STU-00005,ACT-000011,2025-01-06 19:35:00,outbound,video_link,"{""url"": ""https://learn.example.com/v/3085"", ""topic"": ""Measurement""}"
STU-00005,ACT-000011,2025-01-06 20:49:00,inbound,quiz_answer,"{""question_no"": 7, ""answer"": ""A""}"
STU-00005,ACT-000011,2025-01-06 21:27:00,outbound,quiz_start_prompt,"{""topic"": ""Measurement"", ""quiz_id"": ""QZ-793""}"
STU-00005,ACT-000011,2025-01-09 00:50:00,outbound,progress_update,"{""week"": 1, ""completion_pct"": 74}"
STU-00005,ACT-000012,2025-01-06 21:41:00,outbound,video_link,"{""url"": ""https://learn.example.com/v/6279"", ""topic"": ""Geometry""}"
STU-00005,ACT-000012,2025-01-06 22:04:00,inbound,text,"{""text"": ""Thanks!""}"
STU-00005,ACT-000012,2025-01-06 23:11:00,inbound,help,"{""text"": ""HELP""}"
STU-00005,ACT-000012,2025-01-06 23:49:00,outbound,quiz_start_prompt,"{""topic"": ""Geometry"", ""quiz_id"": ""QZ-791""}"
STU-00005,ACT-000012,2025-01-06 23:55:00,inbound,text,"{""text"": ""Can you repeat?""}"
STU-00005,ACT-000012,2025-01-07 01:23:00,inbound,quiz_answer,"{""question_no"": 4, ""answer"": ""B""}"
STU-00005,ACT-000012,2025-01-07 01:43:00,inbound,text,"{""text"": ""Done""}"
STU-00005,ACT-000012,2025-01-07 02:13:00,outbound,project_prompt,"{""topic"": ""Geometry"", ""project_id"": ""PR-912""}"
STU-00005,ACT-000012,2025-01-11 03:54:00,outbound,progress_update,"{""week"": 1, ""completion_pct"": 98}"
STU-00005,ACT-000013,2025-01-13 17:29:00,outbound,video_link,"{""url"": ""https://learn.example.com/v/7790"", ""topic"": ""Percentages""}"
STU-00005,ACT-000013,2025-01-13 18:20:00,inbound,project_submit,"{""project_id"": ""PR-509"", ""submission"": ""photo""}"
STU-00005,ACT-000013,2025-01-13 18:53:00,inbound,quiz_start,"{""quiz_id"": ""QZ-771""}"
STU-00005,ACT-000013,2025-01-13 20:23:00,inbound,text,"{""text"": ""Okay""}"
STU-00005,ACT-000014,2025-01-13 18:11:00,outbound,video_link,"{""url"": ""https://learn.example.com/v/9486"", ""topic"": ""Algebra""}"
STU-00005,ACT-000014,2025-01-13 18:30:00,inbound,project_submit,"{""project_id"": ""PR-783"", ""submission"": ""photo""}"
STU-00005,ACT-000014,2025-01-13 20:48:00,outbound,quiz_start_prompt,"{""topic"": ""Algebra"", ""quiz_id"": ""QZ-355""}"
STU-00006,ACT-000015,2025-01-06 21:38:00,outbound,video_link,"{""url"": ""https://learn.example.com/v/6198"", ""topic"": ""Algebra""}"
STU-00006,ACT-000015,2025-01-06 22:44:00,inbound,project_submit,"{""project_id"": ""PR-950"", ""submission"": ""photo""}"
STU-00006,ACT-000015,2025-01-06 23:56:00,inbound,project_submit,"{""project_id"": ""PR-262"", ""submission"": ""photo""}"
STU-00006,ACT-000015,2025-01-07 00:58:00,inbound,project_submit,"{""project_id"": ""PR-365"", ""submission"": ""photo""}"
STU-00006,ACT-000016,2025-01-06 19:49:00,outbound,video_link,"{""url"": ""https://learn.example.com/v/9540"", ""topic"": ""Percentages""}"
STU-00006,ACT-000016,2025-01-06 20:31:00,inbound,help,"{""text"": ""HELP""}"
STU-00006,ACT-000016,2025-01-06 21:05:00,outbound,quiz_start_prompt,"{""topic"": ""Percentages"", ""quiz_id"": ""QZ-381""}"
STU-00006,ACT-000016,2025-01-06 22:45:00,outbound,project_prompt,"{""topic"": ""Percentages"", ""project_id"": ""PR-340""}"
STU-00006,ACT-000016,2025-01-08 21:24:00,outbound,progress_update,"{""week"": 1, ""completion_pct"": 88}"
STU-00006,ACT-000017,2025-01-13 18:45:00,outbound,video_link,"{""url"": ""https://learn.example.com/v/4505"", ""topic"": ""Algebra""}"
STU-00006,ACT-000017,2025-01-13 19:13:00,inbound,project_submit,"{""project_id"": ""PR-498"", ""submission"": ""photo""}"
STU-00006,ACT-000017,2025-01-13 20:29:00,inbound,text,"{""text"": ""We will do later""}"
STU-00006,ACT-000017,2025-01-13 20:44:00,outbound,quiz_start_prompt,"{""topic"": ""Algebra"", ""quiz_id"": ""QZ-438""}"
STU-00007,ACT-000018,2025-01-06 19:19:00,outbound,video_link,"{""url"": ""https://learn.example.com/v/7389"", ""topic"": ""Geometry""}"
STU-00007,ACT-000018,2025-01-06 20:30:00,inbound,help,"{""text"": ""HELP""}"
STU-00007,ACT-000018,2025-01-06 21:00:00,inbound,project_submit,"{""project_id"": ""PR-324"", ""submission"": ""photo""}"
STU-00007,ACT-000018,2025-01-10 18:24:00,outbound,progress_update,"{""week"": 1, ""completion_pct"": 43}"
STU-00007,ACT-000019,2025-01-06 20:46:00,outbound,video_link,"{""url"": ""https://learn.example.com/v/3704"", ""topic"": ""Percentages""}"
STU-00007,ACT-000019,2025-01-06 21:56:00,inbound,text,"{""text"": ""We will do later""}"
STU-00007,ACT-000019,2025-01-06 23:13:00,inbound,help,"{""text"": ""HELP""}"
STU-00007,ACT-000019,2025-01-07 00:39:00,inbound,text,"{""text"": ""Okay""}"
STU-00007,ACT-000019,2025-01-07 02:03:00,inbound,project_submit,"{""project_id"": ""PR-238"", ""submission"": ""photo""}"
STU-00007,ACT-000019,2025-01-07 03:04:00,inbound,quiz_start,"{""quiz_id"": ""QZ-151""}"
STU-00007,ACT-000019,2025-01-09 21:29:00,outbound,progress_update,"{""week"": 1, ""completion_pct"": 41}"
STU-00007,ACT-000020,2025-01-13 19:48:00,outbound,video_link,"{""url"": ""https://learn.example.com/v/7211"", ""topic"": ""Geometry""}"
STU-00007,ACT-000020,2025-01-13 20:59:00,inbound,text,"{""text"": ""My child is busy today""}"
STU-00007,ACT-000020,2025-01-13 21:29:00,inbound,text,"{""text"": ""Done""}"
STU-00007,ACT-000020,2025-01-13 21:50:00,outbound,quiz_start_prompt,"{""topic"": ""Geometry"", ""quiz_id"": ""QZ-358""}"
STU-00007,ACT-000021,2025-01-13 18:12:00,outbound,video_link,"{""url"": ""https://learn.example.com/v/1333"", ""topic"": ""Measurement""}"
STU-00007,ACT-000021,2025-01-13 18:41:00,inbound,project_submit,"{""project_id"": ""PR-816"", ""submission"": ""photo""}"
STU-00007,ACT-000021,2025-01-13 19:28:00,outbound,quiz_start_prompt,"{""topic"": ""Measurement"", ""quiz_id"": ""QZ-229""}"
STU-00007,ACT-000021,2025-01-16 20:38:00,outbound,progress_update,"{""week"": 2, ""completion_pct"": 77}"
STU-00008,ACT-000022,2025-01-06 17:49:00,outbound,video_link,"{""url"": ""https://learn.example.com/v/3683"", ""topic"": ""Ratios""}"
STU-00008,ACT-000022,2025-01-06 18:32:00,outbound,project_prompt,"{""topic"": ""Ratios"", ""project_id"": ""PR-419""}"
STU-00008,ACT-000022,2025-01-06 18:39:00,inbound,project_submit,"{""project_id"": ""PR-832"", ""submission"": ""photo""}"
STU-00008,ACT-000022,2025-01-06 19:06:00,inbound,text,"{""text"": ""Can you repeat?""}"
STU-00008,ACT-000022,2025-01-06 19:21:00,inbound,quiz_answer,"{""question_no"": 10, ""answer"": ""A""}"
STU-00008,ACT-000023,2025-01-13 21:50:00,outbound,video_link,"{""url"": ""https://learn.example.com/v/1672"", ""topic"": ""Decimals""}"
STU-00008,ACT-000023,2025-01-13 22:45:00,inbound,project_submit,"{""project_id"": ""PR-208"", ""submission"": ""photo""}"
STU-00008,ACT-000023,2025-01-13 23:42:00,inbound,quiz_answer,"{""question_no"": 8, ""answer"": ""B""}"
STU-00008,ACT-000023,2025-01-13 23:54:00,outbound,quiz_start_prompt,"{""topic"": ""Decimals"", ""quiz_id"": ""QZ-777""}"
STU-00008,ACT-000023,2025-01-14 02:39:00,outbound,project_prompt,"{""topic"": ""Decimals"", ""project_id"": ""PR-763""}"
STU-00009,ACT-000024,2025-01-06 21:41:00,outbound,video_link,"{""url"": ""https://learn.example.com/v/5425"", ""topic"": ""Ratios""}"
STU-00009,ACT-000024,2025-01-06 22:58:00,inbound,quiz_answer,"{""question_no"": 6, ""answer"": ""B""}"
STU-00009,ACT-000024,2025-01-06 23:11:00,inbound,quiz_answer,"{""question_no"": 8, ""answer"": ""B""}"
STU-00009,ACT-000024,2025-01-07 00:13:00,outbound,quiz_start_prompt,"{""topic"": ""Ratios"", ""quiz_id"": ""QZ-893""}"
STU-00009,ACT-000025,2025-01-13 21:39:00,outbound,video_link,"{""url"": ""https://learn.example.com/v/7209"", ""topic"": ""Data""}"
STU-00009,ACT-000025,2025-01-13 22:14:00,inbound,quiz_answer,"{""question_no"": 5, ""answer"": ""C""}"
STU-00009,ACT-000025,2025-01-13 23:27:00,inbound,text,"{""text"": ""Can you repeat?""}"
STU-00009,ACT-000025,2025-01-14 00:00:00,outbound,quiz_start_prompt,"{""topic"": ""Data"", ""quiz_id"": ""QZ-971""}"
STU-00009,ACT-000025,2025-01-14 02:18:00,outbound,project_prompt,"{""topic"": ""Data"", ""project_id"": ""PR-317""}"
STU-00009,ACT-000025,2025-01-18 01:35:00,outbound,progress_update,"{""week"": 2, ""completion_pct"": 97}"
STU-00010,ACT-000026,2025-01-06 18:44:00,outbound,video_link,"{""url"": ""https://learn.example.com/v/8800"", ""topic"": ""Measurement""}"
STU-00010,ACT-000026,2025-01-06 21:04:00,outbound,quiz_start_prompt,"{""topic"": ""Measurement"", ""quiz_id"": ""QZ-558""}"
STU-00010,ACT-000026,2025-01-08 22:42:00,outbound,progress_update,"{""week"": 1, ""completion_pct"": 74}"
STU-00010,ACT-000027,2025-01-06 19:30:00,outbound,video_link,"{""url"": ""https://learn.example.com/v/9698"", ""topic"": ""Algebra""}"
STU-00010,ACT-000027,2025-01-06 20:01:00,inbound,text,"{""text"": ""Can you repeat?""}"
STU-00010,ACT-000027,2025-01-06 20:43:00,inbound,text,"{""text"": ""I didn't understand""}"
STU-00010,ACT-000027,2025-01-06 22:05:00,outbound,quiz_start_prompt,"{""topic"": ""Algebra"", ""quiz_id"": ""QZ-438""}"
STU-00010,ACT-000027,2025-01-06 23:52:00,outbound,project_prompt,"{""topic"": ""Algebra"", ""project_id"": ""PR-377""}"
STU-00010,ACT-000027,2025-01-10 22:46:00,outbound,progress_update,"{""week"": 1, ""completion_pct"": 75}"
STU-00010,ACT-000028,2025-01-13 21:38:00,outbound,video_link,"{""url"": ""https://learn.example.com/v/5636"", ""topic"": ""Algebra""}"
STU-00010,ACT-000028,2025-01-13 22:26:00,inbound,quiz_start,"{""quiz_id"": ""QZ-409""}"
STU-00010,ACT-000028,2025-01-18 20:17:00,outbound,progress_update,"{""week"": 2, ""completion_pct"": 5}"
STU-00011,ACT-000029,2025-01-06 17:35:00,outbound,video_link,"{""url"": ""https://learn.example.com/v/5786"", ""topic"": ""Decimals""}"
STU-00011,ACT-000029,2025-01-06 17:38:00,inbound,help,"{""text"": ""HELP""}"
STU-00011,ACT-000029,2025-01-06 18:16:00,inbound,project_submit,"{""project_id"": ""PR-590"", ""submission"": ""photo""}"
STU-00011,ACT-000029,2025-01-06 18:22:00,outbound,quiz_start_prompt,"{""topic"": ""Decimals"", ""quiz_id"": ""QZ-753""}"
STU-00011,ACT-000030,2025-01-13 18:03:00,outbound,video_link,"{""url"": ""https://learn.example.com/v/5136"", ""topic"": ""Fractions""}"
STU-00011,ACT-000030,2025-01-13 18:56:00,inbound,project_submit,"{""project_id"": ""PR-175"", ""submission"": ""photo""}"
STU-00011,ACT-000030,2025-01-13 20:11:00,inbound,text,"{""text"": ""I didn't understand""}"
STU-00011,ACT-000030,2025-01-13 20:32:00,inbound,help,"{""text"": ""HELP""}"
STU-00011,ACT-000030,2025-01-13 21:12:00,inbound,text,"{""text"": ""Can you repeat?""}"
STU-00011,ACT-000030,2025-01-18 03:38:00,outbound,progress_update,"{""week"": 2, ""completion_pct"": 79}"
STU-00011,ACT-000031,2025-01-13 18:49:00,outbound,video_link,"{""url"": ""https://learn.example.com/v/9561"", ""topic"": ""Ratios""}"
STU-00011,ACT-000031,2025-01-13 19:30:00,inbound,help,"{""text"": ""HELP""}"
STU-00011,ACT-000031,2025-01-13 20:51:00,inbound,text,"{""text"": ""Okay""}"
STU-00011,ACT-000031,2025-01-13 20:57:00,outbound,quiz_start_prompt,"{""topic"": ""Ratios"", ""quiz_id"": ""QZ-404""}"
STU-00011,ACT-000031,2025-01-13 21:19:00,inbound,quiz_start,"{""quiz_id"": ""QZ-370""}"
STU-00011,ACT-000031,2025-01-13 22:45:00,inbound,text,"{""text"": ""I didn't understand""}"
STU-00011,ACT-000031,2025-01-13 23:17:00,inbound,quiz_start,"{""quiz_id"": ""QZ-665""}"
STU-00011,ACT-000031,2025-01-15 00:28:00,outbound,progress_update,"{""week"": 2, ""completion_pct"": 88}"
STU-00012,ACT-000032,2025-01-06 21:30:00,outbound,video_link,"{""url"": ""https://learn.example.com/v/5771"", ""topic"": ""Fractions""}"
STU-00012,ACT-000032,2025-01-06 22:05:00,inbound,help,"{""text"": ""HELP""}"
STU-00012,ACT-000032,2025-01-06 22:58:00,outbound,quiz_start_prompt,"{""topic"": ""Fractions"", ""quiz_id"": ""QZ-823""}"
STU-00012,ACT-000032,2025-01-06 23:31:00,inbound,quiz_start,"{""quiz_id"": ""QZ-535""}"
STU-00012,ACT-000032,2025-01-06 23:47:00,inbound,help,"{""text"": ""HELP""}"
STU-00012,ACT-000032,2025-01-07 01:52:00,outbound,project_prompt,"{""topic"": ""Fractions"", ""project_id"": ""PR-172""}"
STU-00012,ACT-000032,2025-01-08 22:52:00,outbound,progress_update,"{""week"": 1, ""completion_pct"": 18}"
STU-00012,ACT-000033,2025-01-06 17:03:00,outbound,video_link,"{""url"": ""https://learn.example.com/v/3718"", ""topic"": ""Algebra""}"
STU-00012,ACT-000033,2025-01-06 17:41:00,inbound,project_submit,"{""project_id"": ""PR-227"", ""submission"": ""photo""}"
STU-00012,ACT-000033,2025-01-06 18:42:00,inbound,quiz_answer,"{""question_no"": 7, ""answer"": ""C""}"
STU-00012,ACT-000033,2025-01-06 19:48:00,inbound,help,"{""text"": ""HELP""}"
STU-00012,ACT-000033,2025-01-06 20:53:00,inbound,project_submit,"{""project_id"": ""PR-182"", ""submission"": ""photo""}"
STU-00012,ACT-000034,2025-01-13 20:47:00,outbound,video_link,"{""url"": ""https://learn.example.com/v/6280"", ""topic"": ""Data""}"
STU-00012,ACT-000034,2025-01-13 21:08:00,outbound,quiz_start_prompt,"{""topic"": ""Data"", ""quiz_id"": ""QZ-193""}"
STU-00012,ACT-000034,2025-01-13 21:23:00,inbound,help,"{""text"": ""HELP""}"
STU-00012,ACT-000034,2025-01-13 21:27:00,outbound,project_prompt,"{""topic"": ""Data"", ""project_id"": ""PR-883""}"
STU-00012,ACT-000034,2025-01-13 21:30:00,inbound,quiz_start,"{""quiz_id"": ""QZ-581""}"
STU-00012,ACT-000034,2025-01-13 22:38:00,inbound,project_submit,"{""project_id"": ""PR-384"", ""submission"": ""photo""}"
STU-00012,ACT-000034,2025-01-19 00:40:00,outbound,progress_update,"{""week"": 2, ""completion_pct"": 62}"
STU-00012,ACT-000035,2025-01-13 17:30:00,outbound,video_link,"{""url"": ""https://learn.example.com/v/6700"", ""topic"": ""Algebra""}"
STU-00012,ACT-000035,2025-01-13 18:35:00,inbound,quiz_answer,"{""question_no"": 7, ""answer"": ""A""}"
STU-00012,ACT-000035,2025-01-13 19:07:00,outbound,quiz_start_prompt,"{""topic"": ""Algebra"", ""quiz_id"": ""QZ-786""}"
STU-00012,ACT-000035,2025-01-13 19:22:00,outbound,project_prompt,"{""topic"": ""Algebra"", ""project_id"": ""PR-437""}"
STU-00012,ACT-000035,2025-01-13 19:35:00,inbound,text,"{""text"": ""My child is busy today""}"
STU-00012,ACT-000035,2025-01-15 00:55:00,outbound,progress_update,"{""week"": 2, ""completion_pct"": 65}"
STU-00013,ACT-000036,2025-01-06 17:42:00,outbound,video_link,"{""url"": ""https://learn.example.com/v/9889"", ""topic"": ""Percentages""}"
STU-00013,ACT-000036,2025-01-06 18:10:00,outbound,quiz_start_prompt,"{""topic"": ""Percentages"", ""quiz_id"": ""QZ-292""}"
STU-00013,ACT-000036,2025-01-06 18:47:00,inbound,project_submit,"{""project_id"": ""PR-878"", ""submission"": ""photo""}"
STU-00013,ACT-000036,2025-01-06 18:55:00,inbound,quiz_start,"{""quiz_id"": ""QZ-373""}"
STU-00013,ACT-000036,2025-01-06 20:07:00,inbound,quiz_start,"{""quiz_id"": ""QZ-394""}"
STU-00013,ACT-000037,2025-01-13 20:07:00,outbound,video_link,"{""url"": ""https://learn.example.com/v/1472"", ""topic"": ""Decimals""}"
STU-00013,ACT-000037,2025-01-13 20:29:00,inbound,quiz_answer,"{""question_no"": 9, ""answer"": ""A""}"
STU-00014,ACT-000038,2025-01-06 17:14:00,outbound,video_link,"{""url"": ""https://learn.example.com/v/2858"", ""topic"": ""Measurement""}"
STU-00014,ACT-000038,2025-01-06 17:53:00,inbound,help,"{""text"": ""HELP""}"
STU-00014,ACT-000038,2025-01-06 17:59:00,outbound,quiz_start_prompt,"{""topic"": ""Measurement"", ""quiz_id"": ""QZ-763""}"
STU-00014,ACT-000038,2025-01-06 18:29:00,inbound,project_submit,"{""project_id"": ""PR-954"", ""submission"": ""photo""}"
STU-00014,ACT-000039,2025-01-06 20:15:00,outbound,video_link,"{""url"": ""https://learn.example.com/v/8483"", ""topic"": ""Decimals""}"
STU-00014,ACT-000039,2025-01-06 20:34:00,inbound,text,"{""text"": ""Thanks!""}"
STU-00014,ACT-000039,2025-01-06 21:29:00,inbound,quiz_answer,"{""question_no"": 9, ""answer"": ""C""}"
STU-00014,ACT-000039,2025-01-06 22:08:00,outbound,quiz_start_prompt,"{""topic"": ""Decimals"", ""quiz_id"": ""QZ-295""}"
STU-00014,ACT-000040,2025-01-13 19:46:00,outbound,video_link,"{""url"": ""https://learn.example.com/v/5891"", ""topic"": ""Ratios""}"
STU-00014,ACT-000040,2025-01-13 20:07:00,inbound,project_submit,"{""project_id"": ""PR-651"", ""submission"": ""photo""}"
STU-00014,ACT-000040,2025-01-13 21:10:00,inbound,quiz_answer,"{""question_no"": 6, ""answer"": ""D""}"
STU-00014,ACT-000040,2025-01-13 22:10:00,inbound,quiz_answer,"{""question_no"": 4, ""answer"": ""B""}"
STU-00014,ACT-000041,2025-01-13 18:54:00,outbound,video_link,"{""url"": ""https://learn.example.com/v/7730"", ""topic"": ""Fractions""}"
STU-00014,ACT-000041,2025-01-13 20:20:00,inbound,quiz_start,"{""quiz_id"": ""QZ-607""}"
STU-00014,ACT-000041,2025-01-13 20:26:00,inbound,quiz_start,"{""quiz_id"": ""QZ-614""}"
STU-00014,ACT-000041,2025-01-13 21:10:00,outbound,quiz_start_prompt,"{""topic"": ""Fractions"", ""quiz_id"": ""QZ-822""}"
STU-00015,ACT-000042,2025-01-06 19:55:00,outbound,video_link,"{""url"": ""https://learn.example.com/v/2644"", ""topic"": ""Ratios""}"
STU-00015,ACT-000042,2025-01-07 00:54:00,outbound,project_prompt,"{""topic"": ""Ratios"", ""project_id"": ""PR-567""}"
STU-00015,ACT-000042,2025-01-08 19:30:00,outbound,progress_update,"{""week"": 1, ""completion_pct"": 100}"
STU-00015,ACT-000043,2025-01-13 19:21:00,outbound,video_link,"{""url"": ""https://learn.example.com/v/7512"", ""topic"": ""Ratios""}"
STU-00015,ACT-000043,2025-01-13 20:03:00,inbound,project_submit,"{""project_id"": ""PR-993"", ""submission"": ""photo""}"
STU-00015,ACT-000043,2025-01-13 21:00:00,outbound,quiz_start_prompt,"{""topic"": ""Ratios"", ""quiz_id"": ""QZ-972""}"
STU-00015,ACT-000043,2025-01-13 21:14:00,inbound,text,"{""text"": ""Okay""}"
STU-00015,ACT-000043,2025-01-16 21:47:00,outbound,progress_update,"{""week"": 2, ""completion_pct"": 11}"
STU-00016,ACT-000044,2025-01-06 20:06:00,outbound,video_link,"{""url"": ""https://learn.example.com/v/2646"", ""topic"": ""Fractions""}"
STU-00016,ACT-000044,2025-01-06 21:03:00,inbound,quiz_start,"{""quiz_id"": ""QZ-350""}"
STU-00016,ACT-000044,2025-01-06 21:04:00,outbound,project_prompt,"{""topic"": ""Fractions"", ""project_id"": ""PR-400""}"
STU-00016,ACT-000044,2025-01-06 21:37:00,outbound,quiz_start_prompt,"{""topic"": ""Fractions"", ""quiz_id"": ""QZ-129""}"
STU-00016,ACT-000044,2025-01-06 22:12:00,inbound,project_submit,"{""project_id"": ""PR-679"", ""submission"": ""photo""}"
STU-00016,ACT-000045,2025-01-13 18:10:00,outbound,video_link,"{""url"": ""https://learn.example.com/v/3868"", ""topic"": ""Algebra""}"
STU-00016,ACT-000045,2025-01-13 19:26:00,inbound,quiz_start,"{""quiz_id"": ""QZ-337""}"
STU-00016,ACT-000045,2025-01-13 20:02:00,outbound,quiz_start_prompt,"{""topic"": ""Algebra"", ""quiz_id"": ""QZ-734""}"
STU-00016,ACT-000045,2025-01-13 20:27:00,inbound,quiz_answer,"{""question_no"": 8, ""answer"": ""C""}"
STU-00016,ACT-000046,2025-01-13 20:57:00,outbound,video_link,"{""url"": ""https://learn.example.com/v/5712"", ""topic"": ""Ratios""}"
STU-00016,ACT-000046,2025-01-13 21:52:00,outbound,quiz_start_prompt,"{""topic"": ""Ratios"", ""quiz_id"": ""QZ-175""}"
STU-00016,ACT-000046,2025-01-13 21:53:00,inbound,quiz_answer,"{""question_no"": 8, ""answer"": ""C""}"
STU-00016,ACT-000046,2025-01-14 00:23:00,outbound,project_prompt,"{""topic"": ""Ratios"", ""project_id"": ""PR-701""}"
STU-00016,ACT-000046,2025-01-18 01:06:00,outbound,progress_update,"{""week"": 2, ""completion_pct"": 30}"
STU-00017,ACT-000047,2025-01-06 20:36:00,outbound,video_link,"{""url"": ""https://learn.example.com/v/6881"", ""topic"": ""Data""}"
STU-00017,ACT-000047,2025-01-06 21:13:00,inbound,text,"{""text"": ""Done""}"
STU-00017,ACT-000047,2025-01-06 22:06:00,outbound,quiz_start_prompt,"{""topic"": ""Data"", ""quiz_id"": ""QZ-122""}"
STU-00017,ACT-000047,2025-01-06 22:32:00,inbound,project_submit,"{""project_id"": ""PR-952"", ""submission"": ""photo""}"
STU-00017,ACT-000047,2025-01-06 23:10:00,inbound,quiz_start,"{""quiz_id"": ""QZ-721""}"
STU-00017,ACT-000048,2025-01-13 18:40:00,outbound,video_link,"{""url"": ""https://learn.example.com/v/4115"", ""topic"": ""Algebra""}"
STU-00017,ACT-000048,2025-01-13 18:46:00,inbound,help,"{""text"": ""HELP""}"
STU-00017,ACT-000048,2025-01-13 19:30:00,outbound,quiz_start_prompt,"{""topic"": ""Algebra"", ""quiz_id"": ""QZ-743""}"
STU-00017,ACT-000048,2025-01-13 19:30:00,outbound,project_prompt,"{""topic"": ""Algebra"", ""project_id"": ""PR-416""}"
STU-00017,ACT-000048,2025-01-13 19:34:00,inbound,quiz_start,"{""quiz_id"": ""QZ-192""}"
STU-00017,ACT-000048,2025-01-13 20:13:00,inbound,quiz_answer,"{""question_no"": 7, ""answer"": ""B""}"
STU-00017,ACT-000048,2025-01-13 20:40:00,inbound,quiz_start,"{""quiz_id"": ""QZ-905""}"
STU-00017,ACT-000049,2025-01-13 19:33:00,outbound,video_link,"{""url"": ""https://learn.example.com/v/9221"", ""topic"": ""Geometry""}"
STU-00017,ACT-000049,2025-01-13 20:36:00,inbound,quiz_answer,"{""question_no"": 6, ""answer"": ""A""}"
STU-00018,ACT-000050,2025-01-06 17:09:00,outbound,video_link,"{""url"": ""https://learn.example.com/v/4696"", ""topic"": ""Measurement""}"
STU-00018,ACT-000050,2025-01-06 18:22:00,inbound,quiz_answer,"{""question_no"": 2, ""answer"": ""D""}"
STU-00018,ACT-000050,2025-01-06 18:25:00,inbound,quiz_answer,"{""question_no"": 9, ""answer"": ""A""}"
STU-00018,ACT-000050,2025-01-06 19:25:00,inbound,quiz_answer,"{""question_no"": 5, ""answer"": ""D""}"
STU-00018,ACT-000050,2025-01-06 20:48:00,inbound,quiz_answer,"{""question_no"": 2, ""answer"": ""B""}"
STU-00018,ACT-000050,2025-01-06 21:50:00,inbound,text,"{""text"": ""My child is busy today""}"
STU-00018,ACT-000051,2025-01-06 18:41:00,outbound,video_link,"{""url"": ""https://learn.example.com/v/2035"", ""topic"": ""Algebra""}"
STU-00018,ACT-000051,2025-01-06 18:47:00,inbound,quiz_answer,"{""question_no"": 8, ""answer"": ""A""}"
STU-00018,ACT-000051,2025-01-06 20:54:00,outbound,quiz_start_prompt,"{""topic"": ""Algebra"", ""quiz_id"": ""QZ-817""}"
STU-00018,ACT-000051,2025-01-06 22:40:00,outbound,project_prompt,"{""topic"": ""Algebra"", ""project_id"": ""PR-219""}"
STU-00018,ACT-000051,2025-01-11 20:24:00,outbound,progress_update,"{""week"": 1, ""completion_pct"": 58}"
STU-00018,ACT-000052,2025-01-13 19:42:00,outbound,video_link,"{""url"": ""https://learn.example.com/v/9850"", ""topic"": ""Percentages""}"
STU-00018,ACT-000052,2025-01-13 20:36:00,outbound,quiz_start_prompt,"{""topic"": ""Percentages"", ""quiz_id"": ""QZ-524""}"
STU-00018,ACT-000052,2025-01-13 21:02:00,inbound,project_submit,"{""project_id"": ""PR-386"", ""submission"": ""photo""}"
STU-00018,ACT-000052,2025-01-13 21:08:00,inbound,quiz_answer,"{""question_no"": 4, ""answer"": ""D""}"
STU-00018,ACT-000052,2025-01-13 22:06:00,inbound,quiz_start,"{""quiz_id"": ""QZ-975""}"
STU-00018,ACT-000052,2025-01-13 22:54:00,inbound,text,"{""text"": ""My child is busy today""}"
STU-00019,ACT-000053,2025-01-06 19:03:00,outbound,video_link,"{""url"": ""https://learn.example.com/v/7523"", ""topic"": ""Algebra""}"
STU-00019,ACT-000053,2025-01-06 19:49:00,outbound,quiz_start_prompt,"{""topic"": ""Algebra"", ""quiz_id"": ""QZ-968""}"
STU-00019,ACT-000053,2025-01-11 18:03:00,outbound,progress_update,"{""week"": 1, ""completion_pct"": 100}"
STU-00019,ACT-000054,2025-01-13 19:15:00,outbound,video_link,"{""url"": ""https://learn.example.com/v/3063"", ""topic"": ""Algebra""}"
STU-00019,ACT-000054,2025-01-13 19:46:00,inbound,quiz_answer,"{""question_no"": 3, ""answer"": ""A""}"
STU-00019,ACT-000054,2025-01-13 21:31:00,outbound,project_prompt,"{""topic"": ""Algebra"", ""project_id"": ""PR-700""}"
STU-00019,ACT-000054,2025-01-15 20:34:00,outbound,progress_update,"{""week"": 2, ""completion_pct"": 32}"
STU-00019,ACT-000055,2025-01-13 18:07:00,outbound,video_link,"{""url"": ""https://learn.example.com/v/1422"", ""topic"": ""Data""}"
STU-00019,ACT-000055,2025-01-13 18:11:00,inbound,quiz_start,"{""quiz_id"": ""QZ-371""}"
STU-00019,ACT-000055,2025-01-13 18:19:00,inbound,quiz_start,"{""quiz_id"": ""QZ-859""}"
STU-00019,ACT-000055,2025-01-13 19:14:00,inbound,help,"{""text"": ""HELP""}"
STU-00019,ACT-000055,2025-01-13 19:53:00,outbound,quiz_start_prompt,"{""topic"": ""Data"", ""quiz_id"": ""QZ-908""}"
STU-00019,ACT-000055,2025-01-15 01:28:00,outbound,progress_update,"{""week"": 2, ""completion_pct"": 99}"
STU-00020,ACT-000056,2025-01-06 19:32:00,outbound,video_link,"{""url"": ""https://learn.example.com/v/2786"", ""topic"": ""Fractions""}"
STU-00020,ACT-000056,2025-01-06 19:37:00,inbound,text,"{""text"": ""Completed video""}"
STU-00020,ACT-000056,2025-01-06 20:30:00,inbound,project_submit,"{""project_id"": ""PR-802"", ""submission"": ""photo""}"
STU-00020,ACT-000056,2025-01-06 20:43:00,outbound,quiz_start_prompt,"{""topic"": ""Fractions"", ""quiz_id"": ""QZ-729""}"
STU-00020,ACT-000056,2025-01-07 00:28:00,outbound,project_prompt,"{""topic"": ""Fractions"", ""project_id"": ""PR-408""}"
STU-00020,ACT-000056,2025-01-10 19:57:00,outbound,progress_update,"{""week"": 1, ""completion_pct"": 10}"
STU-00020,ACT-000057,2025-01-13 19:38:00,outbound,video_link,"{""url"": ""https://learn.example.com/v/3430"", ""topic"": ""Decimals""}"
STU-00020,ACT-000057,2025-01-13 20:21:00,inbound,project_submit,"{""project_id"": ""PR-711"", ""submission"": ""photo""}"
STU-00020,ACT-000057,2025-01-13 21:03:00,outbound,quiz_start_prompt,"{""topic"": ""Decimals"", ""quiz_id"": ""QZ-739""}"
STU-00020,ACT-000057,2025-01-13 21:30:00,inbound,quiz_answer,"{""question_no"": 8, ""answer"": ""D""}"
STU-00020,ACT-000057,2025-01-15 04:41:00,outbound,progress_update,"{""week"": 2, ""completion_pct"": 98}"
STU-00020,ACT-000058,2025-01-13 21:46:00,outbound,video_link,"{""url"": ""https://learn.example.com/v/4522"", ""topic"": ""Percentages""}"
STU-00020,ACT-000058,2025-01-13 22:00:00,inbound,quiz_answer,"{""question_no"": 7, ""answer"": ""C""}"
STU-00020,ACT-000058,2025-01-13 22:59:00,outbound,quiz_start_prompt,"{""topic"": ""Percentages"", ""quiz_id"": ""QZ-523""}"
STU-00020,ACT-000058,2025-01-13 23:27:00,inbound,quiz_answer,"{""question_no"": 6, ""answer"": ""B""}"
STU-00020,ACT-000058,2025-01-14 02:08:00,outbound,project_prompt,"{""topic"": ""Percentages"", ""project_id"": ""PR-508""}"
STU-00021,ACT-000059,2025-01-06 20:04:00,outbound,video_link,"{""url"": ""https://learn.example.com/v/2494"", ""topic"": ""Measurement""}"
STU-00021,ACT-000059,2025-01-06 20:22:00,inbound,help,"{""text"": ""HELP""}"
STU-00021,ACT-000059,2025-01-06 20:31:00,inbound,help,"{""text"": ""HELP""}"
STU-00021,ACT-000059,2025-01-06 21:23:00,outbound,project_prompt,"{""topic"": ""Measurement"", ""project_id"": ""PR-862""}"
STU-00021,ACT-000059,2025-01-06 21:44:00,inbound,help,"{""text"": ""HELP""}"
STU-00021,ACT-000059,2025-01-08 00:22:00,outbound,progress_update,"{""week"": 1, ""completion_pct"": 85}"
STU-00021,ACT-000060,2025-01-06 20:55:00,outbound,video_link,"{""url"": ""https://learn.example.com/v/1842"", ""topic"": ""Decimals""}"
STU-00021,ACT-000060,2025-01-06 22:10:00,inbound,help,"{""text"": ""HELP""}"
STU-00021,ACT-000060,2025-01-06 22:39:00,inbound,quiz_start,"{""quiz_id"": ""QZ-772""}"
STU-00021,ACT-000061,2025-01-13 17:22:00,outbound,video_link,"{""url"": ""https://learn.example.com/v/7022"", ""topic"": ""Fractions""}"
STU-00021,ACT-000061,2025-01-13 18:43:00,inbound,help,"{""text"": ""HELP""}"
STU-00021,ACT-000061,2025-01-13 18:48:00,outbound,quiz_start_prompt,"{""topic"": ""Fractions"", ""quiz_id"": ""QZ-687""}"
STU-00021,ACT-000061,2025-01-13 20:11:00,inbound,help,"{""text"": ""HELP""}"
STU-00021,ACT-000061,2025-01-13 20:16:00,inbound,help,"{""text"": ""HELP""}"
STU-00021,ACT-000061,2025-01-13 21:31:00,outbound,project_prompt,"{""topic"": ""Fractions"", ""project_id"": ""PR-965""}"
STU-00021,ACT-000062,2025-01-13 19:01:00,outbound,video_link,"{""url"": ""https://learn.example.com/v/3955"", ""topic"": ""Algebra""}"
STU-00021,ACT-000062,2025-01-13 20:27:00,inbound,project_submit,"{""project_id"": ""PR-171"", ""submission"": ""photo""}"
STU-00021,ACT-000062,2025-01-13 20:35:00,outbound,quiz_start_prompt,"{""topic"": ""Algebra"", ""quiz_id"": ""QZ-447""}"
STU-00021,ACT-000062,2025-01-13 21:03:00,outbound,project_prompt,"{""topic"": ""Algebra"", ""project_id"": ""PR-990""}"
STU-00021,ACT-000062,2025-01-14 19:47:00,outbound,progress_update,"{""week"": 2, ""completion_pct"": 67}"
STU-00022,ACT-000063,2025-01-06 18:24:00,outbound,video_link,"{""url"": ""https://learn.example.com/v/7878"", ""topic"": ""Ratios""}"
STU-00022,ACT-000063,2025-01-06 19:19:00,outbound,quiz_start_prompt,"{""topic"": ""Ratios"", ""quiz_id"": ""QZ-478""}"
STU-00022,ACT-000063,2025-01-06 19:42:00,inbound,text,"{""text"": ""Done""}"
STU-00022,ACT-000063,2025-01-06 20:03:00,inbound,quiz_start,"{""quiz_id"": ""QZ-872""}"
STU-00022,ACT-000063,2025-01-06 21:24:00,inbound,text,"{""text"": ""Okay""}"
STU-00022,ACT-000063,2025-01-06 21:40:00,outbound,project_prompt,"{""topic"": ""Ratios"", ""project_id"": ""PR-895""}"
STU-00022,ACT-000063,2025-01-06 22:00:00,inbound,project_submit,"{""project_id"": ""PR-777"", ""submission"": ""photo""}"
STU-00022,ACT-000063,2025-01-06 22:56:00,inbound,project_submit,"{""project_id"": ""PR-721"", ""submission"": ""photo""}"
STU-00022,ACT-000064,2025-01-06 19:13:00,outbound,video_link,"{""url"": ""https://learn.example.com/v/9394"", ""topic"": ""Measurement""}"
STU-00022,ACT-000064,2025-01-06 19:20:00,inbound,quiz_start,"{""quiz_id"": ""QZ-504""}"
STU-00022,ACT-000064,2025-01-06 20:38:00,inbound,text,"{""text"": ""Done""}"
STU-00022,ACT-000064,2025-01-06 21:06:00,inbound,quiz_answer,"{""question_no"": 4, ""answer"": ""B""}"
STU-00022,ACT-000064,2025-01-06 21:18:00,outbound,quiz_start_prompt,"{""topic"": ""Measurement"", ""quiz_id"": ""QZ-213""}"
STU-00022,ACT-000064,2025-01-06 23:52:00,outbound,project_prompt,"{""topic"": ""Measurement"", ""project_id"": ""PR-639""}"
STU-00022,ACT-000065,2025-01-13 19:20:00,outbound,video_link,"{""url"": ""https://learn.example.com/v/2965"", ""topic"": ""Measurement""}"
STU-00022,ACT-000065,2025-01-13 20:47:00,inbound,quiz_answer,"{""question_no"": 2, ""answer"": ""D""}"
STU-00022,ACT-000065,2025-01-13 20:54:00,inbound,project_submit,"{""project_id"": ""PR-119"", ""submission"": ""photo""}"
STU-00022,ACT-000065,2025-01-13 21:25:00,outbound,quiz_start_prompt,"{""topic"": ""Measurement"", ""quiz_id"": ""QZ-279""}"
STU-00022,ACT-000065,2025-01-13 21:47:00,outbound,project_prompt,"{""topic"": ""Measurement"", ""project_id"": ""PR-612""}"
STU-00022,ACT-000065,2025-01-13 21:54:00,inbound,text,"{""text"": ""My child is busy today""}"
STU-00022,ACT-000066,2025-01-13 21:25:00,outbound,video_link,"{""url"": ""https://learn.example.com/v/7843"", ""topic"": ""Data""}"
STU-00022,ACT-000066,2025-01-13 22:46:00,inbound,project_submit,"{""project_id"": ""PR-951"", ""submission"": ""photo""}"
STU-00022,ACT-000066,2025-01-13 23:23:00,outbound,quiz_start_prompt,"{""topic"": ""Data"", ""quiz_id"": ""QZ-121""}"
STU-00023,ACT-000067,2025-01-06 19:05:00,outbound,video_link,"{""url"": ""https://learn.example.com/v/8155"", ""topic"": ""Measurement""}"
STU-00023,ACT-000067,2025-01-06 23:00:00,outbound,project_prompt,"{""topic"": ""Measurement"", ""project_id"": ""PR-636""}"
STU-00023,ACT-000068,2025-01-06 19:14:00,outbound,video_link,"{""url"": ""https://learn.example.com/v/6456"", ""topic"": ""Geometry""}"
STU-00023,ACT-000068,2025-01-06 20:00:00,inbound,quiz_answer,"{""question_no"": 3, ""answer"": ""B""}"
STU-00023,ACT-000068,2025-01-06 20:15:00,inbound,quiz_start,"{""quiz_id"": ""QZ-362""}"
STU-00023,ACT-000068,2025-01-06 20:42:00,outbound,project_prompt,"{""topic"": ""Geometry"", ""project_id"": ""PR-643""}"
STU-00023,ACT-000068,2025-01-11 20:48:00,outbound,progress_update,"{""week"": 1, ""completion_pct"": 97}"
STU-00023,ACT-000069,2025-01-13 17:11:00,outbound,video_link,"{""url"": ""https://learn.example.com/v/9095"", ""topic"": ""Decimals""}"
STU-00023,ACT-000069,2025-01-13 18:25:00,inbound,help,"{""text"": ""HELP""}"
STU-00023,ACT-000069,2025-01-13 19:08:00,inbound,quiz_answer,"{""question_no"": 3, ""answer"": ""D""}"
STU-00023,ACT-000069,2025-01-13 19:18:00,inbound,project_submit,"{""project_id"": ""PR-552"", ""submission"": ""photo""}"
STU-00023,ACT-000069,2025-01-13 19:50:00,outbound,quiz_start_prompt,"{""topic"": ""Decimals"", ""quiz_id"": ""QZ-878""}"
STU-00024,ACT-000070,2025-01-06 19:37:00,outbound,video_link,"{""url"": ""https://learn.example.com/v/1920"", ""topic"": ""Fractions""}"
STU-00024,ACT-000070,2025-01-06 20:10:00,outbound,quiz_start_prompt,"{""topic"": ""Fractions"", ""quiz_id"": ""QZ-417""}"
STU-00024,ACT-000071,2025-01-13 19:04:00,outbound,video_link,"{""url"": ""https://learn.example.com/v/2479"", ""topic"": ""Fractions""}"
STU-00024,ACT-000071,2025-01-13 19:11:00,inbound,project_submit,"{""project_id"": ""PR-929"", ""submission"": ""photo""}"
STU-00024,ACT-000071,2025-01-13 20:26:00,inbound,quiz_start,"{""quiz_id"": ""QZ-429""}"
STU-00024,ACT-000071,2025-01-13 21:28:00,outbound,quiz_start_prompt,"{""topic"": ""Fractions"", ""quiz_id"": ""QZ-493""}"
STU-00024,ACT-000071,2025-01-13 21:45:00,inbound,project_submit,"{""project_id"": ""PR-613"", ""submission"": ""photo""}"
STU-00024,ACT-000071,2025-01-15 01:06:00,outbound,progress_update,"{""week"": 2, ""completion_pct"": 43}"
STU-00024,ACT-000072,2025-01-13 17:32:00,outbound,video_link,"{""url"": ""https://learn.example.com/v/3827"", ""topic"": ""Percentages""}"
STU-00024,ACT-000072,2025-01-13 18:20:00,inbound,quiz_answer,"{""question_no"": 5, ""answer"": ""D""}"
STU-00024,ACT-000072,2025-01-13 19:14:00,inbound,quiz_answer,"{""question_no"": 10, ""answer"": ""A""}"
STU-00024,ACT-000072,2025-01-13 19:39:00,outbound,quiz_start_prompt,"{""topic"": ""Percentages"", ""quiz_id"": ""QZ-549""}"
STU-00024,ACT-000072,2025-01-13 20:36:00,inbound,quiz_answer,"{""question_no"": 2, ""answer"": ""C""}"
STU-00024,ACT-000072,2025-01-17 22:16:00,outbound,progress_update,"{""week"": 2, ""completion_pct"": 92}"
STU-00025,ACT-000073,2025-01-06 21:55:00,outbound,video_link,"{""url"": ""https://learn.example.com/v/3463"", ""topic"": ""Geometry""}"
STU-00025,ACT-000073,2025-01-06 23:21:00,inbound,project_submit,"{""project_id"": ""PR-232"", ""submission"": ""photo""}"
STU-00025,ACT-000073,2025-01-07 00:39:00,outbound,quiz_start_prompt,"{""topic"": ""Geometry"", ""quiz_id"": ""QZ-779""}"
STU-00025,ACT-000073,2025-01-07 00:39:00,inbound,text,"{""text"": ""Thanks!""}"
STU-00025,ACT-000073,2025-01-07 01:24:00,outbound,project_prompt,"{""topic"": ""Geometry"", ""project_id"": ""PR-417""}"
STU-00025,ACT-000073,2025-01-07 01:52:00,inbound,project_submit,"{""project_id"": ""PR-758"", ""submission"": ""photo""}"
STU-00025,ACT-000073,2025-01-07 02:36:00,inbound,quiz_start,"{""quiz_id"": ""QZ-786""}"
STU-00025,ACT-000073,2025-01-07 04:05:00,inbound,help,"{""text"": ""HELP""}"
STU-00025,ACT-000073,2025-01-11 02:23:00,outbound,progress_update,"{""week"": 1, ""completion_pct"": 2}"
STU-00025,ACT-000074,2025-01-06 19:19:00,outbound,video_link,"{""url"": ""https://learn.example.com/v/3953"", ""topic"": ""Data""}"
STU-00025,ACT-000074,2025-01-06 19:38:00,inbound,quiz_start,"{""quiz_id"": ""QZ-179""}"
STU-00025,ACT-000074,2025-01-06 23:57:00,outbound,project_prompt,"{""topic"": ""Data"", ""project_id"": ""PR-296""}"
STU-00025,ACT-000074,2025-01-08 02:49:00,outbound,progress_update,"{""week"": 1, ""completion_pct"": 69}"
STU-00025,ACT-000075,2025-01-13 21:02:00,outbound,video_link,"{""url"": ""https://learn.example.com/v/6517"", ""topic"": ""Algebra""}"
STU-00025,ACT-000075,2025-01-13 21:23:00,inbound,quiz_start,"{""quiz_id"": ""QZ-285""}"
STU-00025,ACT-000075,2025-01-13 22:53:00,inbound,help,"{""text"": ""HELP""}"
STU-00025,ACT-000075,2025-01-13 23:16:00,inbound,project_submit,"{""project_id"": ""PR-144"", ""submission"": ""photo""}"
STU-00026,ACT-000076,2025-01-06 18:28:00,outbound,video_link,"{""url"": ""https://learn.example.com/v/5668"", ""topic"": ""Algebra""}"
STU-00026,ACT-000076,2025-01-06 19:00:00,inbound,quiz_answer,"{""question_no"": 8, ""answer"": ""B""}"
STU-00026,ACT-000077,2025-01-13 21:28:00,outbound,video_link,"{""url"": ""https://learn.example.com/v/8564"", ""topic"": ""Decimals""}"
STU-00026,ACT-000077,2025-01-13 22:23:00,inbound,quiz_start,"{""quiz_id"": ""QZ-936""}"
STU-00026,ACT-000077,2025-01-13 22:50:00,inbound,help,"{""text"": ""HELP""}"
STU-00026,ACT-000077,2025-01-16 18:41:00,outbound,progress_update,"{""week"": 2, ""completion_pct"": 61}"
STU-00027,ACT-000078,2025-01-06 19:35:00,outbound,video_link,"{""url"": ""https://learn.example.com/v/2680"", ""topic"": ""Decimals""}"
STU-00027,ACT-000078,2025-01-06 20:34:00,inbound,help,"{""text"": ""HELP""}"
STU-00027,ACT-000078,2025-01-06 20:47:00,outbound,project_prompt,"{""topic"": ""Decimals"", ""project_id"": ""PR-881""}"
STU-00027,ACT-000078,2025-01-06 22:02:00,outbound,quiz_start_prompt,"{""topic"": ""Decimals"", ""quiz_id"": ""QZ-971""}"
STU-00027,ACT-000078,2025-01-10 19:58:00,outbound,progress_update,"{""week"": 1, ""completion_pct"": 28}"
STU-00027,ACT-000079,2025-01-13 20:56:00,outbound,video_link,"{""url"": ""https://learn.example.com/v/6727"", ""topic"": ""Fractions""}"
STU-00027,ACT-000079,2025-01-13 21:47:00,inbound,text,"{""text"": ""My child is busy today""}"
STU-00027,ACT-000079,2025-01-13 22:17:00,inbound,text,"{""text"": ""My child is busy today""}"
STU-00027,ACT-000079,2025-01-14 00:48:00,outbound,project_prompt,"{""topic"": ""Fractions"", ""project_id"": ""PR-614""}"
STU-00028,ACT-000080,2025-01-06 19:50:00,outbound,video_link,"{""url"": ""https://learn.example.com/v/3392"", ""topic"": ""Ratios""}"
STU-00028,ACT-000080,2025-01-06 20:52:00,inbound,project_submit,"{""project_id"": ""PR-730"", ""submission"": ""photo""}"
STU-00028,ACT-000080,2025-01-06 20:54:00,inbound,text,"{""text"": ""Done""}"
STU-00028,ACT-000080,2025-01-06 21:18:00,outbound,quiz_start_prompt,"{""topic"": ""Ratios"", ""quiz_id"": ""QZ-949""}"
STU-00028,ACT-000080,2025-01-06 21:28:00,inbound,quiz_start,"{""quiz_id"": ""QZ-955""}"
STU-00028,ACT-000080,2025-01-06 21:49:00,inbound,help,"{""text"": ""HELP""}"
STU-00028,ACT-000081,2025-01-13 21:33:00,outbound,video_link,"{""url"": ""https://learn.example.com/v/7934"", ""topic"": ""Data""}"
STU-00028,ACT-000081,2025-01-13 22:27:00,outbound,project_prompt,"{""topic"": ""Data"", ""project_id"": ""PR-344""}"
STU-00028,ACT-000081,2025-01-13 22:54:00,inbound,project_submit,"{""project_id"": ""PR-164"", ""submission"": ""photo""}"
STU-00028,ACT-000081,2025-01-13 23:01:00,outbound,quiz_start_prompt,"{""topic"": ""Data"", ""quiz_id"": ""QZ-343""}"
STU-00028,ACT-000081,2025-01-13 23:10:00,inbound,project_submit,"{""project_id"": ""PR-711"", ""submission"": ""photo""}"
STU-00029,ACT-000082,2025-01-06 21:36:00,outbound,video_link,"{""url"": ""https://learn.example.com/v/4963"", ""topic"": ""Decimals""}"
STU-00029,ACT-000082,2025-01-06 22:01:00,inbound,text,"{""text"": ""My child is busy today""}"
STU-00029,ACT-000082,2025-01-06 22:11:00,inbound,help,"{""text"": ""HELP""}"
STU-00029,ACT-000082,2025-01-06 23:05:00,outbound,quiz_start_prompt,"{""topic"": ""Decimals"", ""quiz_id"": ""QZ-539""}"
STU-00029,ACT-000082,2025-01-06 23:22:00,inbound,help,"{""text"": ""HELP""}"
STU-00029,ACT-000082,2025-01-07 01:06:00,outbound,project_prompt,"{""topic"": ""Decimals"", ""project_id"": ""PR-346""}"
STU-00029,ACT-000083,2025-01-13 21:35:00,outbound,video_link,"{""url"": ""https://learn.example.com/v/1333"", ""topic"": ""Data""}"
STU-00029,ACT-000083,2025-01-13 22:09:00,inbound,text,"{""text"": ""My child is busy today""}"
STU-00029,ACT-000083,2025-01-13 22:19:00,inbound,quiz_answer,"{""question_no"": 4, ""answer"": ""A""}"
STU-00029,ACT-000083,2025-01-13 23:35:00,inbound,quiz_answer,"{""question_no"": 3, ""answer"": ""A""}"
STU-00029,ACT-000083,2025-01-13 23:50:00,outbound,quiz_start_prompt,"{""topic"": ""Data"", ""quiz_id"": ""QZ-144""}"
STU-00029,ACT-000083,2025-01-14 00:22:00,inbound,help,"{""text"": ""HELP""}"
STU-00029,ACT-000083,2025-01-14 01:07:00,inbound,quiz_start,"{""quiz_id"": ""QZ-950""}"
STU-00029,ACT-000084,2025-01-13 20:44:00,outbound,video_link,"{""url"": ""https://learn.example.com/v/8840"", ""topic"": ""Decimals""}"
STU-00029,ACT-000084,2025-01-13 20:50:00,inbound,quiz_answer,"{""question_no"": 4, ""answer"": ""A""}"
STU-00029,ACT-000084,2025-01-13 21:17:00,inbound,text,"{""text"": ""My child is busy today""}"
STU-00029,ACT-000084,2025-01-13 21:33:00,outbound,quiz_start_prompt,"{""topic"": ""Decimals"", ""quiz_id"": ""QZ-164""}"
STU-00029,ACT-000084,2025-01-13 21:58:00,inbound,help,"{""text"": ""HELP""}"
STU-00029,ACT-000084,2025-01-13 22:50:00,inbound,help,"{""text"": ""HELP""}"
STU-00029,ACT-000084,2025-01-13 23:52:00,inbound,quiz_answer,"{""question_no"": 1, ""answer"": ""B""}"
STU-00029,ACT-000084,2025-01-15 04:21:00,outbound,progress_update,"{""week"": 2, ""completion_pct"": 34}"
STU-00030,ACT-000085,2025-01-06 17:51:00,outbound,video_link,"{""url"": ""https://learn.example.com/v/7029"", ""topic"": ""Geometry""}"
STU-00030,ACT-000085,2025-01-06 18:56:00,inbound,project_submit,"{""project_id"": ""PR-476"", ""submission"": ""photo""}"
STU-00030,ACT-000085,2025-01-06 19:48:00,outbound,quiz_start_prompt,"{""topic"": ""Geometry"", ""quiz_id"": ""QZ-861""}"
STU-00030,ACT-000085,2025-01-06 20:04:00,inbound,quiz_answer,"{""question_no"": 2, ""answer"": ""D""}"
STU-00030,ACT-000085,2025-01-06 20:16:00,inbound,project_submit,"{""project_id"": ""PR-716"", ""submission"": ""photo""}"
STU-00030,ACT-000085,2025-01-06 20:41:00,inbound,help,"{""text"": ""HELP""}"
STU-00030,ACT-000085,2025-01-06 21:20:00,inbound,quiz_answer,"{""question_no"": 2, ""answer"": ""A""}"
STU-00030,ACT-000085,2025-01-06 21:38:00,outbound,project_prompt,"{""topic"": ""Geometry"", ""project_id"": ""PR-447""}"
STU-00030,ACT-000085,2025-01-09 22:28:00,outbound,progress_update,"{""week"": 1, ""completion_pct"": 77}"
STU-00030,ACT-000086,2025-01-13 20:10:00,outbound,video_link,"{""url"": ""https://learn.example.com/v/8272"", ""topic"": ""Percentages""}"
STU-00030,ACT-000086,2025-01-13 20:35:00,outbound,quiz_start_prompt,"{""topic"": ""Percentages"", ""quiz_id"": ""QZ-844""}"
STU-00030,ACT-000086,2025-01-13 21:07:00,inbound,quiz_answer,"{""question_no"": 1, ""answer"": ""A""}"
STU-00030,ACT-000086,2025-01-13 22:34:00,inbound,project_submit,"{""project_id"": ""PR-472"", ""submission"": ""photo""}"
